Frequence_GHz,Amplitude
0.025,0.0424175
0.026000404203718675,0.10709250000000001
0.02700080840743735,0.10037375000000001
0.028001212611156023,0.15137250000000002
0.029001616814874696,0.09176000000000001
0.030002021018593374,0.0671325
0.031002425222312047,0.12276875000000001
0.03200282942603072,0.13484125
0.0330032336297494,0.12903374999999997
0.03400363783346807,0.16620374999999998
0.03500404203718674,0.07138499999999999
0.036004446240905416,0.07522500000000001
0.03700485044462409,0.1101125
0.038005254648342764,0.08846625
0.03900565885206144,0.0649775
0.04000606305578011,0.08506375000000001
0.04100646725949879,0.095645
0.042006871463217466,0.06547750000000001
0.043007275666936136,0.10889625
0.044007679870654806,0.046247500000000004
0.04500808407437348,0.07045625
0.04600848827809216,0.07595125
0.04700889248181084,0.21055
0.04800929668552951,0.08759375000000003
0.04900970088924818,0.10146999999999999
0.050010105092966856,0.0689
0.05101050929668553,0.09534875
0.0520109135004042,0.06338
0.05301131770412288,0.09366125
0.05401172190784155,0.08470625
0.05501212611156023,0.10324375000000002
0.056012530315278905,0.09629875
0.057012934518997575,0.11231375
0.05801333872271625,0.09870000000000001
0.05901374292643492,0.16070875
0.0600141471301536,0.07318124999999999
0.06101455133387227,0.13344125
0.06201495553759095,0.07280249999999999
0.06301535974130962,0.19020625000000002
0.0640157639450283,0.17546125
0.06501616814874697,0.08314624999999999
0.06601657235246564,0.11366
0.06701697655618433,0.11978874999999999
0.06801738075990299,0.0735875
0.06901778496362167,0.08660125
0.07001818916734034,0.077875
0.07101859337105901,0.1384425
0.07201899757477769,0.13443624999999998
0.07301940177849636,0.14126875
0.07401980598221504,0.0920225
0.07502021018593372,0.13685124999999998
0.07602061438965238,0.1340925
0.07702101859337106,0.15927624999999998
0.07802142279708973,0.11233125000000001
0.0790218270008084,0.13270875
0.08002223120452709,0.1122325
0.08102263540824575,0.1003225
0.08202303961196443,0.12973625
0.0830234438156831,0.08790375
0.08402384801940177,0.13464625
0.08502425222312046,0.23118000000000002
0.08602465642683912,0.06645625
0.0870250606305578,0.1235575
0.08802546483427648,0.09042375
0.08902586903799514,0.092455
0.09002627324171383,0.17670124999999998
0.0910266774454325,0.08034375
0.09202708164915116,0.13462125
0.09302748585286985,0.16279249999999998
0.09402789005658851,0.08834624999999999
0.0950282942603072,0.12519875
0.09602869846402587,0.07127499999999999
0.09702910266774453,0.10056875000000001
0.09802950687146322,0.09522625
0.09902991107518189,0.09505375
0.10003031527890058,0.17050249999999997
0.10103071948261924,0.10564625
0.1020311236863379,0.07655125
0.1030315278900566,0.08907125
0.10403193209377526,0.17379125
0.10503233629749392,0.14731
0.10603274050121261,0.09741
0.10703314470493128,0.09324500000000001
0.10803354890864997,0.09000125
0.10903395311236863,0.12981749999999997
0.1100343573160873,0.13300625
0.11103476151980599,0.05485875
0.11203516572352465,0.09735875
0.11303556992724334,0.15869375
0.114035974130962,0.1631475
0.11503637833468067,0.12416125000000001
0.11603678253839936,0.10602
0.11703718674211802,0.10337625
0.11803759094583671,0.1347675
0.11903799514955538,0.15692750000000003
0.12003839935327404,0.11970625
0.12103880355699273,0.071495
0.1220392077607114,0.14193874999999997
0.12303961196443008,0.09154875000000001
0.12404001616814875,0.10663249999999999
0.1250404203718674,0.14264625
0.1260408245755861,0.10252125000000001
0.12704122877930477,0.15851500000000002
0.12804163298302343,0.1847325
0.12904203718674212,0.05924999999999999
0.13004244139046078,0.1436625
0.13104284559417947,0.16136
0.13204324979789814,0.20971625000000002
0.1330436540016168,0.16653624999999997
0.1340440582053355,0.1211725
0.13504446240905416,0.10507750000000002
0.13604486661277285,0.14525500000000002
0.1370452708164915,0.15150875
0.13804567502021017,0.091555
0.13904607922392886,0.08512
0.14004648342764753,0.097235
0.14104688763136622,0.08638125
0.14204729183508488,0.11001750000000002
0.14304769603880355,0.13874375
0.14404810024252224,0.06941375
0.1450485044462409,0.13428374999999998
0.1460489086499596,0.09260125000000001
0.14704931285367825,0.1567125
0.14804971705739692,0.07724000000000002
0.1490501212611156,0.1215775
0.15005052546483427,0.04937125
0.15105092966855294,0.12837125
0.15205133387227163,0.1101575
0.1530517380759903,0.08945874999999999
0.15405214227970895,0.08122125000000001
0.15505254648342764,0.10420625
0.1560529506871463,0.11090625
0.157053354890865,0.1040925
0.15805375909458366,0.14922625
0.15905416329830233,0.18452875000000002
0.16005456750202102,0.11630125
0.16105497170573968,0.10681875
0.16205537590945837,0.08205625
0.16305578011317703,0.1536975
0.1640561843168957,0.09333375000000001
0.1650565885206144,0.09138125000000001
0.16605699272433305,0.18794125
0.16705739692805172,0.11069625
0.1680578011317704,0.07625625000000001
0.16905820533548907,0.12071875000000003
0.17005860953920776,0.09696500000000001
0.17105901374292642,0.11959375000000001
0.1720594179466451,0.20546125
0.17305982215036378,0.1143425
0.17406022635408244,0.11871625
0.17506063055780113,0.1657225
0.1760610347615198,0.1517775
0.17706143896523846,0.1272375
0.17806184316895715,0.16232875
0.17906224737267581,0.09752000000000001
0.1800626515763945,0.09425125
0.18106305578011317,0.11596125
0.18206345998383183,0.10435375000000001
0.18306386418755052,0.10104250000000001
0.1840642683912692,0.17576250000000002
0.18506467259498785,0.11457
0.18606507679870654,0.089975
0.1870654810024252,0.16855875
0.1880658852061439,0.17827874999999999
0.18906628940986256,0.14689625
0.19006669361358122,0.163155
0.1910670978172999,0.0949175
0.19206750202101858,0.11775624999999998
0.19306790622473727,0.12303499999999999
0.19406831042845593,0.16183750000000002
0.1950687146321746,0.08659499999999999
0.19606911883589329,0.16744
0.19706952303961195,0.17904499999999998
0.19806992724333064,0.08379500000000001
0.1990703314470493,0.139905
0.20007073565076797,0.08277000000000001
0.20107113985448666,0.11939625
0.20207154405820532,0.101875
0.203071948261924,0.15835124999999997
0.20407235246564268,0.16086999999999999
0.20507275666936134,0.16073
0.20607316087308003,0.08204374999999998
0.2070735650767987,0.150995
0.20807396928051736,0.18326250000000002
0.20907437348423605,0.14390625
0.2100747776879547,0.149155
0.2110751818916734,0.11320000000000001
0.21207558609539207,0.09297375
0.21307599029911073,0.09445875000000001
0.21407639450282942,0.11119625
0.21507679870654808,0.11051625
0.21607720291026677,0.10962000000000001
0.21707760711398544,0.17335124999999998
0.2180780113177041,0.08546125
0.2190784155214228,0.08505000000000001
0.22007881972514146,0.09302624999999999
0.22107922392886015,0.0839175
0.2220796281325788,0.17145749999999998
0.22308003233629747,0.13076875000000002
0.22408043654001616,0.126445
0.22508084074373483,0.128895
0.22608124494745352,0.11420874999999998
0.22708164915117218,0.07866999999999999
0.22808205335489085,0.0906
0.22908245755860954,0.07738125
0.2300828617623282,0.112495
0.23108326596604686,0.08257625
0.23208367016976555,0.09766124999999999
0.23308407437348422,0.11564750000000001
0.2340844785772029,0.09108625
0.23508488278092157,0.13237000000000002
0.23608528698464024,0.06660250000000001
0.23708569118835893,0.12068
0.2380860953920776,0.06489125
0.23908649959579628,0.10513250000000002
0.24008690379951494,0.14858125
0.2410873080032336,0.10148625000000001
0.2420877122069523,0.10129125
0.24308811641067096,0.132005
0.24408852061438965,0.052004999999999996
0.24508892481810832,0.12789375
0.24608932902182698,0.208385
0.24708973322554567,0.09808250000000002
0.24809013742926433,0.11050125
0.24909054163298303,0.13018125000000003
0.2500909458367017,0.04348375
0.2510913500404204,0.06803625
0.25209175424413904,0.09579499999999999
0.2530921584478577,0.1712875
0.25409256265157637,0.14331499999999997
0.2550929668552951,0.0883825
0.25609337105901375,0.13772625000000002
0.2570937752627324,0.0785075
0.2580941794664511,0.14232375
0.25909458367016974,0.10644875000000001
0.26009498787388846,0.07780625000000001
0.2610953920776071,0.06531124999999999
0.2620957962813258,0.10071625
0.26309620048504445,0.172325
0.2640966046887631,0.14286625
0.26509700889248183,0.0915625
0.2660974130962005,0.15859875
0.26709781729991916,0.17176000000000002
0.2680982215036378,0.13799625000000001
0.2690986257073565,0.060943750000000005
0.2700990299110752,0.06016375
0.27109943411479387,0.1607575
0.27209983831851253,0.11634875000000001
0.2731002425222312,0.12322374999999999
0.27410064672594986,0.1264975
0.2751010509296686,0.091805
0.27610145513338724,0.0830775
0.2771018593371059,0.12498250000000002
0.27810226354082457,0.06985499999999999
0.2791026677445433,0.09190249999999998
0.28010307194826195,0.07543
0.2811034761519806,0.16123875
0.2821038803556993,0.07529124999999999
0.28310428455941794,0.09207375
0.28410468876313666,0.11073875
0.2851050929668553,0.13935124999999998
0.286105497170574,0.11039249999999999
0.28710590137429265,0.0716625
0.2881063055780113,0.0834925
0.28910670978173003,0.12529374999999998
0.2901071139854487,0.15424375
0.29110751818916736,0.07732125
0.292107922392886,0.14609375
0.2931083265966047,0.13138875000000003
0.2941087308003234,0.09269000000000002
0.29510913500404207,0.14204125
0.29610953920776073,0.0818825
0.2971099434114794,0.10759375
0.29811034761519806,0.11042875
0.2991107518189168,0.08308375
0.30011115602263544,0.10825375
0.3011115602263541,0.099805
0.30211196443007277,0.168945
0.30311236863379143,0.14520875
0.3041127728375101,0.114555
0.3051131770412288,0.12402
0.3061135812449475,0.13128
0.30711398544866614,0.23962125
0.3081143896523848,0.10138375
0.30911479385610346,0.10448
0.3101151980598222,0.12833875
0.31111560226354085,0.121385
0.3121160064672595,0.0787225
0.3131164106709782,0.12255250000000001
0.31411681487469684,0.11166125
0.31511721907841556,0.12457500000000002
0.3161176232821342,0.17369875
0.3171180274858529,0.138545
0.31811843168957155,0.13575625
0.3191188358932902,0.10874375
0.32011924009700893,0.07459625
0.3211196443007276,0.11425125
0.32212004850444625,0.11308500000000002
0.3231204527081649,0.119525
0.3241208569118836,0.08180375000000001
0.3251212611156023,0.13350125000000002
0.32612166531932096,0.11514624999999999
0.3271220695230396,0.15153125
0.3281224737267583,0.159895
0.32912287793047695,0.13135624999999998
0.3301232821341957,0.14153749999999998
0.33112368633791434,0.13798125
0.332124090541633,0.12649125
0.33312449474535166,0.15407125
0.3341248989490703,0.16282125
0.33512530315278904,0.12473375
0.3361257073565077,0.16559875000000002
0.33712611156022637,0.20281125
0.33812651576394503,0.14881125
0.3391269199676637,0.1412275
0.3401273241713824,0.14639
0.3411277283751011,0.15192375
0.34212813257881974,0.12988000000000002
0.3431285367825384,0.11764500000000001
0.34412894098625707,0.08650124999999999
0.34512934518997573,0.14026125
0.34612974939369445,0.17492249999999998
0.3471301535974131,0.11218375
0.3481305578011318,0.10554625
0.34913096200485044,0.11444625
0.3501313662085691,0.11721500000000001
0.3511317704122878,0.15895875
0.3521321746160065,0.1508275
0.35313257881972515,0.13494625
0.3541329830234438,0.1178825
0.3551333872271625,0.1033925
0.3561337914308812,0.14089249999999998
0.35713419563459986,0.1030425
0.3581345998383185,0.12050625
0.3591350040420372,0.1145575
0.36013540824575585,0.08002000000000001
0.36113581244947457,0.11302875
0.36213621665319323,0.08019625
0.3631366208569119,0.11873625
0.36413702506063056,0.10553250000000002
0.3651374292643492,0.17657125
0.36613783346806794,0.09628624999999999
0.3671382376717866,0.06355625
0.36813864187550527,0.12538375000000002
0.36913904607922393,0.10601375
0.3701394502829426,0.10257
0.3711398544866613,0.06239375
0.37214025869038,0.07302875
0.37314066289409864,0.10494875000000001
0.3741410670978173,0.11913875000000002
0.37514147130153597,0.06788125
0.3761418755052547,0.1037575
0.37714227970897335,0.08292125
0.378142683912692,0.127385
0.3791430881164107,0.14468
0.38014349232012934,0.1137825
0.38114389652384806,0.19393750000000004
0.3821443007275667,0.1003175
0.3831447049312854,0.09595749999999999
0.38414510913500405,0.16972875
0.3851455133387227,0.0896625
0.38614591754244143,0.09861625
0.3871463217461601,0.21449625
0.38814672594987876,0.146165
0.3891471301535974,0.13473875
0.3901475343573161,0.14056125
0.39114793856103475,0.0724575
0.39214834276475347,0.12805625
0.39314874696847213,0.098035
0.3941491511721908,0.046275
0.39514955537590946,0.09791124999999999
0.3961499595796281,0.10925249999999999
0.39715036378334684,0.09100375
0.3981507679870655,0.14286374999999998
0.39915117219078416,0.11052
0.40015157639450283,0.0649075
0.4011519805982215,0.12984875
0.4021523848019402,0.06352250000000001
0.4031527890056589,0.0938025
0.40415319320937754,0.07759624999999999
0.4051535974130962,0.16929249999999998
0.40615400161681486,0.19455999999999998
0.4071544058205336,0.14835874999999998
0.40815481002425225,0.07295875
0.4091552142279709,0.1132125
0.4101556184316896,0.1768975
0.41115602263540824,0.17655875000000001
0.41215642683912695,0.11621000000000002
0.4131568310428456,0.1200525
0.4141572352465643,0.11889375
0.41515763945028294,0.09915875
0.4161580436540016,0.15087375000000003
0.4171584478577203,0.07153000000000001
0.418158852061439,0.15564125
0.41915925626515765,0.1045625
0.4201596604688763,0.071145
0.421160064672595,0.18853625000000002
0.4221604688763137,0.11236750000000001
0.42316087308003236,0.09566625000000001
0.424161277283751,0.12559625
0.4251616814874697,0.060912499999999994
0.42616208569118835,0.09676625
0.42716248989490707,0.12501125
0.42816289409862573,0.11110625
0.4291632983023444,0.1646
0.43016370250606306,0.08611625
0.4311641067097817,0.13335875000000003
0.4321645109135004,0.046767500000000004
0.4331649151172191,0.12139749999999999
0.43416531932093777,0.12439
0.43516572352465643,0.1177
0.4361661277283751,0.0874075
0.43716653193209376,0.16466375
0.4381669361358125,0.08169500000000002
0.43916734033953114,0.12414375
0.4401677445432498,0.12948125000000002
0.44116814874696847,0.17064124999999997
0.44216855295068713,0.1137975
0.44316895715440585,0.16027999999999998
0.4441693613581245,0.15892
0.4451697655618432,0.1300175
0.44617016976556184,0.14869374999999999
0.4471705739692805,0.09353499999999998
0.4481709781729992,0.14683875
0.4491713823767179,0.087485
0.45017178658043655,0.13028374999999998
0.4511721907841552,0.08083
0.4521725949878739,0.1284725
0.4531729991915926,0.11876125
0.45417340339531126,0.13589625000000002
0.4551738075990299,0.16057875000000002
0.4561742118027486,0.11891000000000002
0.45717461600646725,0.16815750000000002
0.45817502021018597,0.10576625
0.45917542441390463,0.166785
0.4601758286176233,0.08978875
0.46117623282134196,0.2136075
0.4621766370250606,0.17773125
0.46317704122877934,0.080295
0.464177445432498,0.16833375
0.46517784963621667,0.13978625
0.46617825383993533,0.10822124999999999
0.467178658043654,0.1390125
0.4681790622473727,0.1049325
0.4691794664510914,0.1580775
0.47017987065481004,0.12342750000000001
0.4711802748585287,0.128
0.47218067906224737,0.1441025
0.4731810832659661,0.15246625
0.47418148746968475,0.07965625
0.4751818916734034,0.16222625000000002
0.4761822958771221,0.13399250000000001
0.47718270008084074,0.10686875000000001
0.4781831042845594,0.13586625
0.4791835084882781,0.0963075
0.4801839126919968,0.15095625000000001
0.48118431689571545,0.10035500000000003
0.4821847210994341,0.08538625
0.4831851253031528,0.19111
0.4841855295068715,0.142975
0.48518593371059016,0.15434874999999998
0.4861863379143088,0.11185125
0.4871867421180275,0.09220874999999999
0.48818714632174615,0.06347124999999998
0.48918755052546486,0.17024625000000002
0.49018795472918353,0.09861874999999999
0.4911883589329022,0.110905
0.49218876313662085,0.13415875
0.4931891673403395,0.17080125000000002
0.49418957154405824,0.13162374999999998
0.4951899757477769,0.08855125000000001
0.49619037995149556,0.12449499999999998
0.4971907841552142,0.2048525
0.4981911883589329,0.10044750000000001
0.4991915925626516,0.13255875
0.5001919967663703,0.20695625
0.5011924009700889,0.1525475
0.5021928051738076,0.09764875
0.5031932093775262,0.10828375000000001
0.5041936135812449,0.14167375
0.5051940177849636,0.10592874999999999
0.5061944219886823,0.10670125000000003
0.507194826192401,0.1947625
0.5081952303961196,0.13010000000000002
0.5091956345998383,0.10299749999999999
0.510196038803557,0.19592125000000002
0.5111964430072756,0.125315
0.5121968472109943,0.07725
0.513197251414713,0.19169625
0.5141976556184317,0.10472625
0.5151980598221504,0.17420249999999998
0.516198464025869,0.18177374999999998
0.5171988682295877,0.08750875000000001
0.5181992724333063,0.11455250000000002
0.519199676637025,0.14781125
0.5202000808407438,0.11717500000000002
0.5212004850444624,0.07643875000000001
0.5222008892481811,0.10897874999999999
0.5232012934518997,0.07356125000000001
0.5242016976556184,0.05699
0.5252021018593371,0.1129125
0.5262025060630557,0.1002625
0.5272029102667745,0.1158975
0.5282033144704932,0.10240750000000003
0.5292037186742118,0.08630125
0.5302041228779305,0.14477
0.5312045270816491,0.12220749999999998
0.5322049312853678,0.08618500000000001
0.5332053354890866,0.08442
0.5342057396928052,0.15126625000000002
0.5352061438965239,0.17613375
0.5362065481002425,0.11904125
0.5372069523039612,0.10152249999999999
0.5382073565076799,0.07389125
0.5392077607113985,0.15836125
0.5402081649151173,0.11800125
0.5412085691188359,0.11051750000000002
0.5422089733225546,0.05436625000000001
0.5432093775262733,0.14545375
0.5442097817299919,0.11556625000000001
0.5452101859337106,0.08947375
0.5462105901374292,0.105795
0.547210994341148,0.09368375000000001
0.5482113985448667,0.115745
0.5492118027485853,0.08266625000000001
0.550212206952304,0.14342875
0.5512126111560226,0.083225
0.5522130153597413,0.13647624999999997
0.55321341956346,0.161845
0.5542138237671786,0.17316499999999999
0.5552142279708974,0.11138625
0.556214632174616,0.15819125
0.5572150363783347,0.13133125
0.5582154405820534,0.15993125
0.559215844785772,0.08343
0.5602162489894907,0.13099125
0.5612166531932093,0.1252525
0.5622170573969281,0.13434125
0.5632174616006468,0.15020375
0.5642178658043654,0.12823125000000002
0.5652182700080841,0.12924625
0.5662186742118027,0.19187125000000002
0.5672190784155214,0.08760249999999999
0.5682194826192402,0.11708625000000002
0.5692198868229588,0.08866
0.5702202910266775,0.11552875
0.5712206952303961,0.08369249999999999
0.5722210994341148,0.050665
0.5732215036378335,0.06961250000000001
0.5742219078415521,0.13265249999999998
0.5752223120452709,0.17368625000000001
0.5762227162489895,0.10569500000000001
0.5772231204527082,0.14316875
0.5782235246564269,0.11209625000000001
0.5792239288601455,0.07556625
0.5802243330638642,0.09916625
0.5812247372675828,0.11564624999999999
0.5822251414713016,0.08211375
0.5832255456750202,0.08979625000000001
0.5842259498787389,0.10071999999999999
0.5852263540824576,0.1175675
0.5862267582861762,0.13448375
0.5872271624898949,0.14736375000000002
0.5882275666936135,0.14879625000000002
0.5892279708973323,0.12721875000000002
0.590228375101051,0.15987125000000002
0.5912287793047696,0.0702375
0.5922291835084883,0.18764250000000002
0.5932295877122069,0.08903375000000001
0.5942299919159256,0.08654499999999998
0.5952303961196443,0.06652
0.596230800323363,0.12484624999999999
0.5972312045270817,0.11132125
0.5982316087308003,0.09399374999999999
0.599232012934519,0.114175
0.6002324171382377,0.16287624999999997
0.6012328213419563,0.11552
0.602233225545675,0.16354875
0.6032336297493937,0.1235325
0.6042340339531124,0.055521249999999994
0.6052344381568311,0.16012374999999998
0.6062348423605497,0.12260874999999999
0.6072352465642684,0.10699249999999999
0.608235650767987,0.15182375000000004
0.6092360549717057,0.08693374999999999
0.6102364591754245,0.10699125000000001
0.6112368633791431,0.10658125
0.6122372675828618,0.12992499999999998
0.6132376717865804,0.09269999999999999
0.6142380759902991,0.11400249999999999
0.6152384801940178,0.17654875
0.6162388843977364,0.08301375
0.6172392886014552,0.18386125
0.6182396928051738,0.1196725
0.6192400970088925,0.1057975
0.6202405012126112,0.13875125
0.6212409054163298,0.1481475
0.6222413096200485,0.036109999999999996
0.6232417138237671,0.0651525
0.6242421180274859,0.08449250000000001
0.6252425222312046,0.13407375
0.6262429264349232,0.1037425
0.6272433306386419,0.115395
0.6282437348423605,0.14120624999999998
0.6292441390460792,0.0719825
0.630244543249798,0.0838825
0.6312449474535166,0.15805999999999998
0.6322453516572353,0.11414625
0.6332457558609539,0.08418375000000002
0.6342461600646726,0.08967874999999999
0.6352465642683913,0.0840375
0.6362469684721099,0.13784625000000003
0.6372473726758286,0.09269124999999999
0.6382477768795473,0.12726625
0.639248181083266,0.10218499999999998
0.6402485852869847,0.10204750000000001
0.6412489894907033,0.148765
0.642249393694422,0.0723625
0.6432497978981406,0.13120874999999999
0.6442502021018593,0.10177
0.6452506063055781,0.21959125000000002
0.6462510105092967,0.18580875
0.6472514147130154,0.10125
0.648251818916734,0.18168374999999998
0.6492522231204527,0.100765
0.6502526273241714,0.11111
0.65125303152789,0.18538625000000003
0.6522534357316088,0.07496
0.6532538399353274,0.14239624999999997
0.6542542441390461,0.17411125
0.6552546483427648,0.068605
0.6562550525464834,0.06546625
0.6572554567502021,0.057275
0.6582558609539207,0.1262125
0.6592562651576395,0.17042875000000002
0.6602566693613582,0.15783624999999998
0.6612570735650768,0.13850125000000002
0.6622574777687955,0.21806749999999997
0.6632578819725141,0.0733075
0.6642582861762328,0.16728375
0.6652586903799514,0.09888875000000001
0.6662590945836702,0.13447499999999998
0.6672594987873889,0.18306375000000003
0.6682599029911075,0.08825250000000001
0.6692603071948262,0.06815875
0.6702607113985448,0.11203375000000002
0.6712611156022635,0.09439
0.6722615198059823,0.10969625000000001
0.6732619240097009,0.16523
0.6742623282134196,0.08890124999999999
0.6752627324171382,0.16923125
0.6762631366208569,0.130065
0.6772635408245756,0.12152249999999999
0.6782639450282942,0.06315875000000001
0.679264349232013,0.11442125
0.6802647534357316,0.07620375
0.6812651576394503,0.12166249999999999
0.682265561843169,0.16618375
0.6832659660468876,0.13591
0.6842663702506063,0.11016500000000001
0.6852667744543249,0.10950249999999999
0.6862671786580437,0.10064500000000001
0.6872675828617624,0.10451
0.688267987065481,0.1177325
0.6892683912691997,0.1537725
0.6902687954729183,0.13438625
0.691269199676637,0.12352124999999999
0.6922696038803557,0.1278075
0.6932700080840744,0.08165375000000001
0.6942704122877931,0.10644625000000002
0.6952708164915117,0.11382624999999999
0.6962712206952304,0.0942125
0.6972716248989491,0.0940475
0.6982720291026677,0.10887625
0.6992724333063864,0.21460500000000005
0.700272837510105,0.14844625
0.7012732417138238,0.11194000000000001
0.7022736459175425,0.16840000000000002
0.7032740501212611,0.22624750000000002
0.7042744543249798,0.06764875
0.7052748585286984,0.08958
0.7062752627324171,0.06833375
0.7072756669361359,0.08222125
0.7082760711398545,0.05948875
0.7092764753435732,0.11827625000000001
0.7102768795472918,0.08490500000000001
0.7112772837510105,0.13661874999999998
0.7122776879547292,0.07619250000000001
0.7132780921584478,0.10248249999999999
0.7142784963621666,0.0708275
0.7152789005658852,0.10645375000000001
0.7162793047696039,0.18241
0.7172797089733226,0.13873375
0.7182801131770412,0.07218375
0.7192805173807599,0.08245374999999999
0.7202809215844785,0.10704375000000001
0.7212813257881973,0.12344250000000001
0.722281729991916,0.14233875
0.7232821341956346,0.10603749999999999
0.7242825383993533,0.12994999999999998
0.7252829426030719,0.09618125000000001
0.7262833468067906,0.12295874999999999
0.7272837510105093,0.11917625000000001
0.728284155214228,0.16671625
0.7292845594179467,0.10819875
0.7302849636216653,0.12656499999999998
0.731285367825384,0.2031425
0.7322857720291027,0.048318749999999994
0.7332861762328213,0.14397375
0.73428658043654,0.0865675
0.7352869846402587,0.16285375
0.7362873888439774,0.20141125
0.7372877930476961,0.2107875
0.7382881972514147,0.12387124999999999
0.7392886014551334,0.05733375
0.740289005658852,0.06258375
0.7412894098625707,0.16355250000000002
0.7422898140662895,0.14659125
0.7432902182700081,0.1500975
0.7442906224737268,0.16211374999999997
0.7452910266774454,0.06426375000000001
0.7462914308811641,0.14709624999999998
0.7472918350848828,0.11204875000000002
0.7482922392886014,0.148265
0.7492926434923202,0.12804875
0.7502930476960388,0.12150124999999999
0.7512934518997575,0.124905
0.7522938561034761,0.0988875
0.7532942603071948,0.07260625
0.7542946645109135,0.10727500000000001
0.7552950687146321,0.13419
0.7562954729183509,0.08273875
0.7572958771220695,0.14633875
0.7582962813257882,0.16091749999999996
0.7592966855295069,0.1348675
0.7602970897332255,0.11292874999999998
0.7612974939369442,0.0908525
0.7622978981406628,0.14994
0.7632983023443816,0.10666875
0.7642987065481003,0.11669375
0.7652991107518189,0.09551
0.7662995149555376,0.10919374999999999
0.7672999191592562,0.136745
0.7683003233629749,0.0708725
0.7693007275666937,0.117095
0.7703011317704123,0.1234175
0.771301535974131,0.13045874999999998
0.7723019401778496,0.13913250000000002
0.7733023443815683,0.1326225
0.774302748585287,0.11598625
0.7753031527890056,0.10656500000000001
0.7763035569927244,0.17094875
0.777303961196443,0.09604125
0.7783043654001617,0.13921
0.7793047696038804,0.07412250000000001
0.780305173807599,0.14822624999999998
0.7813055780113177,0.12236375000000001
0.7823059822150363,0.06770125
0.783306386418755,0.1605425
0.7843067906224738,0.12186125
0.7853071948261924,0.06646750000000001
0.7863075990299111,0.1555225
0.7873080032336297,0.06458125
0.7883084074373484,0.1516775
0.7893088116410671,0.08252000000000001
0.7903092158447858,0.10360375000000001
0.7913096200485045,0.08047375000000001
0.7923100242522231,0.14105375
0.7933104284559418,0.13527875
0.7943108326596605,0.08580875000000003
0.7953112368633791,0.10781375
0.7963116410670978,0.08059749999999999
0.7973120452708164,0.14063375
0.7983124494745352,0.15973249999999997
0.7993128536782539,0.09702000000000002
0.8003132578819725,0.073285
0.8013136620856912,0.114815
0.8023140662894098,0.06265499999999999
0.8033144704931285,0.047562500000000014
0.8043148746968473,0.08495
0.8053152789005659,0.11466874999999999
0.8063156831042846,0.0699825
0.8073160873080032,0.1353775
0.8083164915117219,0.09054000000000001
0.8093168957154406,0.10236124999999997
0.8103172999191592,0.05763875
0.811317704122878,0.097435
0.8123181083265966,0.13404125
0.8133185125303153,0.12566375000000002
0.814318916734034,0.07233625
0.8153193209377526,0.08142625
0.8163197251414713,0.09562125
0.8173201293451899,0.09811624999999999
0.8183205335489087,0.1759675
0.8193209377526274,0.05801875000000001
0.820321341956346,0.11866375000000001
0.8213217461600647,0.10826875000000001
0.8223221503637833,0.14233125
0.823322554567502,0.09571375
0.8243229587712207,0.06654124999999998
0.8253233629749394,0.10593875000000001
0.8263237671786581,0.11674250000000001
0.8273241713823767,0.13282625
0.8283245755860954,0.064955
0.8293249797898141,0.09527125
0.8303253839935327,0.09688749999999999
0.8313257881972514,0.07119375
0.83232619240097,0.09429750000000002
0.8333265966046888,0.104465
0.8343270008084075,0.16996625
0.8353274050121261,0.12828125
0.8363278092158448,0.09035125000000001
0.8373282134195634,0.09476
0.8383286176232821,0.141995
0.8393290218270008,0.1683025
0.8403294260307195,0.1527
0.8413298302344382,0.12495375000000002
0.8423302344381568,0.07957625000000002
0.8433306386418755,0.07772874999999999
0.8443310428455941,0.10178
0.8453314470493128,0.07264875
0.8463318512530316,0.16289375
0.8473322554567502,0.1202325
0.8483326596604689,0.129885
0.8493330638641875,0.09647
0.8503334680679062,0.1295925
0.8513338722716249,0.11489375
0.8523342764753435,0.16262000000000001
0.8533346806790623,0.09188874999999999
0.8543350848827809,0.10235875
0.8553354890864996,0.1675575
0.8563358932902183,0.11007875
0.8573362974939369,0.12285375000000003
0.8583367016976556,0.07553875
0.8593371059013742,0.12611624999999999
0.860337510105093,0.06148000000000001
0.8613379143088117,0.07115625
0.8623383185125303,0.09658125000000001
0.863338722716249,0.07761124999999999
0.8643391269199676,0.15524000000000002
0.8653395311236863,0.11530625
0.866339935327405,0.14284
0.8673403395311237,0.08276624999999999
0.8683407437348424,0.095465
0.869341147938561,0.08558625000000002
0.8703415521422797,0.11896125000000002
0.8713419563459984,0.16871625
0.872342360549717,0.12587625000000002
0.8733427647534358,0.12104375
0.8743431689571544,0.132075
0.8753435731608731,0.16955375
0.8763439773645918,0.08802375
0.8773443815683104,0.19473875
0.8783447857720291,0.08283875
0.8793451899757477,0.09114249999999999
0.8803455941794665,0.0652975
0.8813459983831852,0.1368925
0.8823464025869038,0.08993749999999999
0.8833468067906225,0.12084125
0.8843472109943411,0.11209125
0.8853476151980598,0.0986225
0.8863480194017785,0.11622875
0.8873484236054971,0.0930025
0.8883488278092159,0.08446124999999999
0.8893492320129345,0.11563500000000002
0.8903496362166532,0.19994125000000001
0.8913500404203719,0.1506925
0.8923504446240905,0.09653125
0.8933508488278092,0.13601625
0.8943512530315278,0.2026625
0.8953516572352466,0.16383000000000003
0.8963520614389653,0.08366250000000001
0.8973524656426839,0.22142375
0.8983528698464026,0.08337875
0.8993532740501212,0.191465
0.9003536782538399,0.09368625
0.9013540824575587,0.1493
0.9023544866612773,0.13682625
0.903354890864996,0.12232875
0.9043552950687146,0.11413500000000001
0.9053556992724333,0.10836625
0.906356103476152,0.19165125
0.9073565076798706,0.13280125
0.9083569118835894,0.11684249999999999
0.909357316087308,0.13412375
0.9103577202910267,0.09821750000000001
0.9113581244947454,0.09754375
0.912358528698464,0.11031875
0.9133589329021827,0.13439125000000002
0.9143593371059013,0.08215250000000002
0.9153597413096201,0.06325750000000001
0.9163601455133388,0.13971499999999998
0.9173605497170574,0.16016249999999999
0.9183609539207761,0.1706675
0.9193613581244947,0.17697125
0.9203617623282134,0.15656499999999998
0.9213621665319321,0.10709875
0.9223625707356508,0.11541
0.9233629749393695,0.14294875
0.9243633791430881,0.20370375000000002
0.9253637833468068,0.11381125
0.9263641875505254,0.15846875
0.9273645917542441,0.07422125000000002
0.9283649959579628,0.14892375000000002
0.9293654001616815,0.08096125000000001
0.9303658043654002,0.14132625000000001
0.9313662085691188,0.13114375
0.9323666127728375,0.07932
0.9333670169765562,0.0875575
0.9343674211802748,0.06654125
0.9353678253839935,0.11983124999999997
0.9363682295877122,0.09747
0.9373686337914309,0.18353250000000002
0.9383690379951496,0.0899675
0.9393694421988682,0.09574750000000001
0.9403698464025869,0.10567499999999999
0.9413702506063055,0.07043
0.9423706548100242,0.06543125
0.943371059013743,0.0965675
0.9443714632174616,0.100565
0.9453718674211803,0.16690375
0.9463722716248989,0.12889375
0.9473726758286176,0.1212875
0.9483730800323363,0.23041374999999997
0.9493734842360549,0.1120875
0.9503738884397737,0.09215499999999999
0.9513742926434923,0.12257375
0.952374696847211,0.12192125000000001
0.9533751010509297,0.22465374999999999
0.9543755052546483,0.10898125
0.955375909458367,0.12482875
0.9563763136620856,0.14429625
0.9573767178658044,0.0855525
0.9583771220695231,0.08792625000000001
0.9593775262732417,0.04514375
0.9603779304769604,0.08103375
0.961378334680679,0.09660624999999999
0.9623787388843977,0.05547625
0.9633791430881165,0.053015
0.9643795472918351,0.104975
0.9653799514955538,0.09751249999999999
0.9663803556992724,0.14415999999999998
0.9673807599029911,0.16240500000000002
0.9683811641067098,0.12232375000000001
0.9693815683104284,0.16321750000000002
0.9703819725141472,0.10625499999999999
0.9713823767178658,0.12363375
0.9723827809215845,0.16531249999999997
0.9733831851253032,0.09466124999999997
0.9743835893290218,0.10370625
0.9753839935327405,0.14297125
0.9763843977364591,0.13781625
0.9773848019401778,0.16208250000000002
0.9783852061438966,0.07748249999999998
0.9793856103476152,0.14237124999999998
0.9803860145513339,0.15748499999999999
0.9813864187550525,0.1674275
0.9823868229587712,0.080455
0.9833872271624899,0.07908874999999999
0.9843876313662085,0.180485
0.9853880355699273,0.2017875
0.9863884397736459,0.14906125
0.9873888439773646,0.10403124999999999
0.9883892481810833,0.13546875
0.9893896523848019,0.06208374999999999
0.9903900565885206,0.08490874999999999
0.9913904607922392,0.09431374999999999
0.992390864995958,0.07020124999999999
0.9933912691996767,0.08008375000000001
0.9943916734033953,0.15437874999999998
0.995392077607114,0.18321125
0.9963924818108326,0.15081
0.9973928860145513,0.12847750000000002
0.9983932902182701,0.12418000000000001
0.9993936944219887,0.12510374999999999
1.0003940986257074,0.14215
1.001394502829426,0.07975625
1.0023949070331446,0.06550125
1.0033953112368634,0.10958874999999998
1.004395715440582,0.10302499999999998
1.0053961196443006,0.087225
1.0063965238480193,0.09222375
1.007396928051738,0.13839249999999997
1.0083973322554567,0.11028625000000002
1.0093977364591753,0.09340375
1.0103981406628941,0.15087375000000003
1.0113985448666127,0.09065124999999999
1.0123989490703313,0.10037625
1.01339935327405,0.17138625000000002
1.0143997574777688,0.11862125000000001
1.0154001616814874,0.08006875000000001
1.016400565885206,0.1660425
1.0174009700889248,0.1128875
1.0184013742926434,0.137185
1.019401778496362,0.06487375000000001
1.0204021827000809,0.1137125
1.0214025869037995,0.12344250000000001
1.022402991107518,0.16154
1.0234033953112367,0.15946249999999998
1.0244037995149555,0.18849874999999996
1.0254042037186741,0.168905
1.0264046079223927,0.08695625
1.0274050121261113,0.14334375
1.0284054163298302,0.18401625
1.0294058205335488,0.1235425
1.0304062247372674,0.15760500000000002
1.0314066289409862,0.1028325
1.0324070331447048,0.0855925
1.0334074373484234,0.11747250000000001
1.0344078415521423,0.11168624999999999
1.0354082457558609,0.15844375
1.0364086499595795,0.17309625
1.037409054163298,0.13246125
1.038409458367017,0.07552500000000001
1.0394098625707355,0.10354875
1.0404102667744541,0.1406575
1.041410670978173,0.22135125000000003
1.0424110751818916,0.13183625000000002
1.0434114793856102,0.0748675
1.044411883589329,0.06832875
1.0454122877930476,0.11287625
1.0464126919967662,0.10837250000000001
1.0474130962004848,0.11108374999999998
1.0484135004042037,0.12851125000000002
1.0494139046079223,0.18413249999999998
1.0504143088116409,0.10710750000000001
1.0514147130153597,0.14758375
1.0524151172190783,0.1302625
1.053415521422797,0.13746124999999998
1.0544159256265155,0.14278375
1.0554163298302344,0.10568750000000002
1.056416734033953,0.09628500000000001
1.0574171382376716,0.12425125
1.0584175424413904,0.09931625000000001
1.059417946645109,0.14469625
1.0604183508488276,0.09459
1.0614187550525465,0.169455
1.062419159256265,0.15957125
1.0634195634599837,0.14379750000000002
1.0644199676637023,0.10480500000000001
1.0654203718674211,0.12889875
1.0664207760711397,0.19495375000000004
1.0674211802748583,0.12490250000000001
1.0684215844785772,0.17461000000000002
1.0694219886822958,0.0691725
1.0704223928860144,0.07991000000000001
1.0714227970897332,0.07097124999999999
1.0724232012934518,0.07367125
1.0734236054971704,0.16759375
1.074424009700889,0.14888625
1.0754244139046079,0.197615
1.0764248181083265,0.088505
1.077425222312045,0.0932
1.078425626515764,0.15562125000000002
1.0794260307194825,0.12556125
1.0804264349232011,0.09377500000000001
1.08142683912692,0.11221125000000001
1.0824272433306386,0.11382375
1.0834276475343572,0.129365
1.0844280517380758,0.08768249999999998
1.0854284559417946,0.20593874999999998
1.0864288601455132,0.14089125
1.0874292643492318,0.13319124999999998
1.0884296685529506,0.091275
1.0894300727566693,0.19607125
1.0904304769603879,0.15224125
1.0914308811641067,0.1249775
1.0924312853678253,0.09221375
1.093431689571544,0.1012225
1.0944320937752625,0.09782874999999999
1.0954324979789813,0.13501875000000002
1.0964329021827,0.09773375
1.0974333063864186,0.07490999999999999
1.0984337105901374,0.0832625
1.099434114793856,0.15317999999999998
1.1004345189975746,0.12728124999999998
1.1014349232012934,0.11168000000000002
1.102435327405012,0.09952749999999998
1.1034357316087307,0.11449
1.1044361358124493,0.08480125000000001
1.105436540016168,0.05278625
1.1064369442198867,0.11301875
1.1074373484236053,0.11331374999999999
1.1084377526273241,0.08789875
1.1094381568310427,0.16000250000000002
1.1104385610347614,0.0877725
1.1114389652384802,0.13623000000000002
1.1124393694421988,0.145765
1.1134397736459174,0.15499125
1.114440177849636,0.1124975
1.1154405820533548,0.04514875
1.1164409862570734,0.15809625
1.117441390460792,0.13136
1.1184417946645109,0.21920250000000002
1.1194421988682295,0.17015
1.120442603071948,0.2001225
1.121443007275667,0.10453500000000002
1.1224434114793855,0.15765125
1.1234438156831041,0.18107999999999996
1.1244442198868227,0.10058
1.1254446240905416,0.1189725
1.1264450282942602,0.13708375
1.1274454324979788,0.15646875
1.1284458367016976,0.08816750000000001
1.1294462409054162,0.06719
1.1304466451091348,0.11835375000000002
1.1314470493128537,0.0754775
1.1324474535165723,0.13401875
1.1334478577202909,0.0972325
1.1344482619240095,0.11913750000000001
1.1354486661277283,0.13090875000000002
1.136449070331447,0.116975
1.1374494745351655,0.18667875000000003
1.1384498787388844,0.31270625
1.139450282942603,0.3508
1.1404506871463216,0.30669
1.1414510913500402,0.268465
1.142451495553759,0.24226
1.1434518997574776,0.2570975
1.1444523039611962,0.22685125
1.145452708164915,0.17310875
1.1464531123686337,0.19406625000000002
1.1474535165723523,0.2963225
1.1484539207760711,0.22902999999999998
1.1494543249797897,0.06176875000000001
1.1504547291835083,0.1756925
1.151455133387227,0.14554375
1.1524555375909458,0.192805
1.1534559417946644,0.23421250000000002
1.154456345998383,0.22829749999999996
1.1554567502021018,0.17155
1.1564571544058204,0.228305
1.157457558609539,0.190395
1.1584579628132579,0.15828125
1.1594583670169765,0.089335
1.160458771220695,0.08370625000000001
1.1614591754244137,0.16558250000000002
1.1624595796281325,0.08884625
1.1634599838318511,0.18145499999999998
1.1644603880355697,0.1998375
1.1654607922392886,0.18991750000000004
1.1664611964430072,0.22415750000000004
1.1674616006467258,0.12447375000000001
1.1684620048504446,0.17429250000000004
1.1694624090541632,0.17248000000000002
1.1704628132578818,0.1776375
1.1714632174616004,0.30829249999999997
1.1724636216653193,0.24471625000000002
1.1734640258690379,0.21670250000000002
1.1744644300727565,0.22216500000000003
1.1754648342764753,0.23699875000000004
1.176465238480194,0.19250374999999997
1.1774656426839125,0.15352500000000002
1.1784660468876313,0.16033
1.17946645109135,0.18426375
1.1804668552950686,0.19669125
1.1814672594987872,0.2158025
1.182467663702506,0.1115625
1.1834680679062246,0.25587
1.1844684721099432,0.19044874999999997
1.185468876313662,0.172965
1.1864692805173807,0.18961125000000004
1.1874696847210993,0.15788625
1.188470088924818,0.20928249999999998
1.1894704931285367,0.20737875
1.1904708973322553,0.12198999999999999
1.191471301535974,0.15190875
1.1924717057396927,0.28882625
1.1934721099434114,0.2144575
1.19447251414713,0.22382124999999997
1.1954729183508488,0.11491250000000001
1.1964733225545674,0.12491000000000002
1.197473726758286,0.14673000000000003
1.1984741309620048,0.15119875
1.1994745351657234,0.068305
1.200474939369442,0.20945375000000002
1.2014753435731607,0.22046624999999997
1.2024757477768795,0.11977375
1.203476151980598,0.14512375
1.2044765561843167,0.07832
1.2054769603880355,0.14645624999999998
1.2064773645917541,0.137135
1.2074777687954728,0.19960625
1.2084781729991916,0.24385875
1.2094785772029102,0.17701500000000003
1.2104789814066288,0.1141675
1.2114793856103474,0.13017875
1.2124797898140662,0.11009875000000001
1.2134801940177848,0.09833750000000001
1.2144805982215034,0.1759675
1.2154810024252223,0.10206
1.2164814066289409,0.16032249999999998
1.2174818108326595,0.12601625
1.2184822150363783,0.15045499999999998
1.219482619240097,0.17118375
1.2204830234438155,0.22156125000000004
1.2214834276475341,0.09067250000000002
1.222483831851253,0.09720124999999999
1.2234842360549716,0.09997500000000001
1.2244846402586902,0.15517625
1.225485044462409,0.08443625
1.2264854486661276,0.12010749999999999
1.2274858528698462,0.22909375
1.2284862570735648,0.14788125000000002
1.2294866612772837,0.07146374999999999
1.2304870654810023,0.08696625000000001
1.231487469684721,0.10221125
1.2324878738884397,0.1626825
1.2334882780921583,0.1180075
1.234488682295877,0.18288249999999998
1.2354890864995958,0.11111
1.2364894907033144,0.17680625
1.237489894907033,0.12610875
1.2384902991107516,0.09325
1.2394907033144704,0.09719125000000002
1.240491107518189,0.08112124999999999
1.2414915117219076,0.078085
1.2424919159256265,0.06485625
1.243492320129345,0.19091999999999998
1.2444927243330637,0.07271124999999999
1.2454931285367825,0.11472500000000001
1.2464935327405011,0.14517125
1.2474939369442197,0.08532624999999999
1.2484943411479383,0.14860625000000002
1.2494947453516572,0.06161875
1.2504951495553758,0.03938375
1.2514955537590944,0.1611
1.2524959579628132,0.13182875000000002
1.2534963621665318,0.06999000000000001
1.2544967663702504,0.15031625
1.2554971705739693,0.15527875000000002
1.2564975747776879,0.11537624999999999
1.2574979789814065,0.14161
1.258498383185125,0.14376875
1.259498787388844,0.16746000000000003
1.2604991915925625,0.1769
1.2614995957962811,0.10606875
1.2625,0.05800999999999999
1.2635004042037186,0.08904
1.2645008084074372,0.09907
1.265501212611156,0.0993
1.2665016168148746,0.051166249999999996
1.2675020210185932,0.10496875
1.2685024252223118,0.10579125000000002
1.2695028294260307,0.05051875000000001
1.2705032336297493,0.06845625
1.2715036378334679,0.06109499999999999
1.2725040420371867,0.06561
1.2735044462409053,0.10498625
1.274504850444624,0.11104625
1.2755052546483427,0.179185
1.2765056588520614,0.07050125
1.27750606305578,0.05766875
1.2785064672594986,0.16203499999999998
1.2795068714632174,0.10850749999999999
1.280507275666936,0.12602375
1.2815076798706546,0.10308
1.2825080840743734,0.06787875
1.283508488278092,0.11213875000000001
1.2845088924818107,0.15375375
1.2855092966855295,0.116295
1.286509700889248,0.09961375
1.2875101050929667,0.13883374999999998
1.2885105092966853,0.0782525
1.2895109135004041,0.0942325
1.2905113177041228,0.09500625
1.2915117219078414,0.03974375
1.2925121261115602,0.23310375
1.2935125303152788,0.09103250000000002
1.2945129345189974,0.134985
1.2955133387227162,0.17532125
1.2965137429264348,0.10570249999999999
1.2975141471301535,0.13589374999999998
1.298514551333872,0.07992625
1.2995149555375909,0.07565
1.3005153597413095,0.15510625
1.301515763945028,0.11751999999999999
1.302516168148747,0.11032375000000001
1.3035165723524655,0.16751625
1.3045169765561841,0.06455
1.3055173807599028,0.10996
1.3065177849636216,0.16566
1.3075181891673402,0.20300375000000004
1.3085185933710588,0.1226725
1.3095189975747776,0.15457375000000004
1.3105194017784962,0.08472249999999999
1.3115198059822148,0.0614475
1.3125202101859337,0.157725
1.3135206143896523,0.11748625
1.314521018593371,0.1147075
1.3155214227970895,0.12388125
1.3165218270008083,0.16546375000000002
1.317522231204527,0.18429500000000001
1.3185226354082455,0.07135875
1.3195230396119644,0.1142125
1.320523443815683,0.22558875
1.3215238480194016,0.14831374999999997
1.3225242522231204,0.11406
1.323524656426839,0.09155374999999999
1.3245250606305576,0.09550750000000001
1.3255254648342762,0.08590999999999999
1.326525869037995,0.112485
1.3275262732417137,0.13071750000000001
1.3285266774454323,0.1761575
1.3295270816491511,0.10447125
1.3305274858528697,0.14397
1.3315278900565883,0.11297
1.3325282942603072,0.11222875
1.3335286984640258,0.13630375
1.3345291026677444,0.15483875
1.335529506871463,0.10146125
1.3365299110751818,0.1245475
1.3375303152789004,0.070315
1.338530719482619,0.09572624999999998
1.3395311236863379,0.12128375
1.3405315278900565,0.17403125
1.341531932093775,0.07378375
1.342532336297494,0.11416500000000002
1.3435327405012125,0.106405
1.3445331447049311,0.054689999999999996
1.3455335489086497,0.14995750000000002
1.3465339531123686,0.125685
1.3475343573160872,0.1391925
1.3485347615198058,0.0957225
1.3495351657235246,0.088515
1.3505355699272432,0.135335
1.3515359741309618,0.12197125
1.3525363783346807,0.16749375
1.3535367825383993,0.14679874999999998
1.3545371867421179,0.11253374999999999
1.3555375909458365,0.12347375000000001
1.3565379951495553,0.1230775
1.357538399353274,0.13151625
1.3585388035569925,0.11829374999999999
1.3595392077607114,0.1191475
1.36053961196443,0.0994225
1.3615400161681486,0.1202025
1.3625404203718674,0.08345124999999999
1.363540824575586,0.14000375
1.3645412287793046,0.09396874999999999
1.3655416329830232,0.10825875
1.366542037186742,0.12291375
1.3675424413904607,0.046366250000000005
1.3685428455941793,0.1171475
1.369543249797898,0.156015
1.3705436540016167,0.079845
1.3715440582053353,0.11005124999999999
1.3725444624090541,0.09270375000000002
1.3735448666127728,0.11831749999999999
1.3745452708164914,0.10497250000000001
1.37554567502021,0.11897125000000001
1.3765460792239288,0.0723475
1.3775464834276474,0.13619875
1.378546887631366,0.19957125
1.3795472918350848,0.15110875000000001
1.3805476960388035,0.1202175
1.381548100242522,0.15611750000000002
1.382548504446241,0.09466875000000002
1.3835489086499595,0.108155
1.384549312853678,0.0975125
1.3855497170573967,0.11313125000000003
1.3865501212611155,0.0861875
1.3875505254648342,0.04095000000000001
1.3885509296685528,0.050745000000000005
1.3895513338722716,0.12564375
1.3905517380759902,0.073255
1.3915521422797088,0.15350624999999998
1.3925525464834274,0.11934625
1.3935529506871462,0.11810125
1.3945533548908648,0.1506575
1.3955537590945835,0.12512375
1.3965541632983023,0.12286375
1.397554567502021,0.12706875
1.3985549717057395,0.09491250000000001
1.3995553759094583,0.23771
1.400555780113177,0.15550624999999998
1.4015561843168955,0.10264
1.4025565885206142,0.07838375000000002
1.403556992724333,0.13918875
1.4045573969280516,0.20293000000000003
1.4055578011317702,0.19458000000000003
1.406558205335489,0.09545875000000002
1.4075586095392076,0.11130500000000002
1.4085590137429262,0.121135
1.409559417946645,0.08138375
1.4105598221503637,0.14625
1.4115602263540823,0.087265
1.412560630557801,0.09223375
1.4135610347615197,0.17561125
1.4145614389652383,0.11750125
1.415561843168957,0.12228875
1.4165622473726758,0.151605
1.4175626515763944,0.1856025
1.418563055780113,0.15398375
1.4195634599838318,0.12588625
1.4205638641875504,0.15884125
1.421564268391269,0.12609625
1.4225646725949876,0.21083
1.4235650767987065,0.09476875
1.424565481002425,0.14097875
1.4255658852061437,0.17779875
1.4265662894098625,0.14719000000000002
1.4275666936135811,0.09525625
1.4285670978172997,0.05605500000000001
1.4295675020210186,0.18618875
1.4305679062247372,0.13786125
1.4315683104284558,0.09336625
1.4325687146321744,0.10935750000000001
1.4335691188358932,0.145655
1.4345695230396118,0.13945875000000002
1.4355699272433304,0.13018375
1.4365703314470493,0.10485125000000001
1.4375707356507679,0.10001249999999999
1.4385711398544865,0.15133000000000002
1.4395715440582053,0.06752499999999999
1.440571948261924,0.11167999999999999
1.4415723524656425,0.12596625
1.4425727566693611,0.08160875000000001
1.44357316087308,0.0682375
1.4445735650767986,0.13620000000000002
1.4455739692805172,0.12581125
1.446574373484236,0.07088
1.4475747776879546,0.10785875
1.4485751818916732,0.162565
1.449575586095392,0.167005
1.4505759902991107,0.088035
1.4515763945028293,0.17234000000000002
1.4525767987065479,0.06558249999999999
1.4535772029102667,0.11848750000000002
1.4545776071139853,0.0829275
1.455578011317704,0.06244375
1.4565784155214228,0.11265499999999999
1.4575788197251414,0.14081375
1.45857922392886,0.133055
1.4595796281325788,0.09144500000000001
1.4605800323362974,0.09512125
1.461580436540016,0.18276499999999998
1.4625808407437346,0.12243875000000001
1.4635812449474535,0.11624625
1.464581649151172,0.05960375000000001
1.4655820533548907,0.11153125
1.4665824575586095,0.1859775
1.467582861762328,0.17224625
1.4685832659660467,0.13466999999999998
1.4695836701697655,0.1672575
1.4705840743734842,0.20212875
1.4715844785772028,0.10604875
1.4725848827809214,0.13999124999999998
1.4735852869846402,0.11342999999999998
1.4745856911883588,0.10651
1.4755860953920774,0.09611
1.4765864995957962,0.10776875000000001
1.4775869037995149,0.13220874999999999
1.4785873080032335,0.096765
1.479587712206952,0.07772
1.480588116410671,0.02312
1.4815885206143895,0.18079875
1.4825889248181081,0.08698625
1.483589329021827,0.16742625
1.4845897332255455,0.10090624999999999
1.4855901374292642,0.08745875
1.486590541632983,0.11830375000000001
1.4875909458367016,0.15543625
1.4885913500404202,0.07564625000000001
1.4895917542441388,0.1120725
1.4905921584478576,0.12410125000000001
1.4915925626515762,0.07590999999999999
1.4925929668552949,0.13699999999999998
1.4935933710590137,0.11209374999999999
1.4945937752627323,0.09311124999999999
1.495594179466451,0.094265
1.4965945836701697,0.11343375
1.4975949878738883,0.09547875000000001
1.498595392077607,0.12512374999999998
1.4995957962813256,0.0991225
1.5005962004850444,0.1155725
1.501596604688763,0.12898874999999999
1.5025970088924816,0.09120125
1.5035974130962004,0.1429075
1.504597817299919,0.08275625
1.5055982215036376,0.08571750000000002
1.5065986257073565,0.09605625
1.507599029911075,0.03187625
1.5085994341147937,0.04068625
1.5095998383185123,0.09444875
1.5106002425222311,0.198385
1.5116006467259497,0.08843375
1.5126010509296683,0.055326249999999993
1.5136014551333872,0.046197499999999996
1.5146018593371058,0.102025
1.5156022635408244,0.10707124999999999
1.5166026677445432,0.09526499999999999
1.5176030719482618,0.1273275
1.5186034761519804,0.14056375
1.519603880355699,0.08424
1.5206042845594179,0.09501875000000001
1.5216046887631365,0.07551875
1.522605092966855,0.11421250000000001
1.523605497170574,0.07553625
1.5246059013742925,0.08301125000000001
1.5256063055780111,0.07920375
1.52660670978173,0.15869875
1.5276071139854486,0.150375
1.5286075181891672,0.17246000000000003
1.5296079223928858,0.11668125
1.5306083265966046,0.09852375000000001
1.5316087308003232,0.10514000000000001
1.5326091350040418,0.21188875
1.5336095392077607,0.1312025
1.5346099434114793,0.108695
1.5356103476151979,0.09271000000000001
1.5366107518189167,0.07726375
1.5376111560226353,0.12834125
1.538611560226354,0.08458500000000001
1.5396119644300725,0.06650874999999999
1.5406123686337914,0.10362875
1.54161277283751,0.10834875000000001
1.5426131770412286,0.09967375
1.5436135812449474,0.13388375
1.544613985448666,0.103255
1.5456143896523846,0.1240925
1.5466147938561035,0.1255475
1.547615198059822,0.1054
1.5486156022635407,0.04862249999999999
1.5496160064672593,0.11422249999999998
1.550616410670978,0.09458499999999999
1.5516168148746967,0.10662125000000001
1.5526172190784153,0.1204775
1.5536176232821342,0.14788500000000002
1.5546180274858528,0.16449124999999998
1.5556184316895714,0.09433250000000001
1.5566188358932902,0.07607875
1.5576192400970088,0.105735
1.5586196443007274,0.0986725
1.559620048504446,0.08687625
1.5606204527081649,0.06785624999999999
1.5616208569118835,0.08957000000000001
1.562621261115602,0.061206250000000004
1.563621665319321,0.13762
1.5646220695230395,0.0754425
1.5656224737267581,0.15585249999999998
1.5666228779304767,0.09028499999999999
1.5676232821341956,0.06749000000000001
1.5686236863379142,0.14029625
1.5696240905416328,0.09812375
1.5706244947453516,0.0559425
1.5716248989490702,0.15385875000000002
1.5726253031527888,0.12344750000000002
1.5736257073565076,0.06381
1.5746261115602262,0.12476124999999999
1.5756265157639449,0.09377125
1.5766269199676635,0.10667750000000002
1.5776273241713823,0.0964875
1.578627728375101,0.0957875
1.5796281325788195,0.12434875
1.5806285367825383,0.14274125000000001
1.581628940986257,0.21099
1.5826293451899756,0.13573375000000001
1.5836297493936944,0.10272625000000002
1.584630153597413,0.070755
1.5856305578011316,0.07940125
1.5866309620048502,0.09142125
1.587631366208569,0.09704499999999999
1.5886317704122876,0.121935
1.5896321746160063,0.13512124999999997
1.590632578819725,0.043641250000000006
1.5916329830234437,0.0553425
1.5926333872271623,0.087255
1.5936337914308811,0.10412874999999999
1.5946341956345997,0.0785425
1.5956345998383183,0.07969375000000001
1.596635004042037,0.11224
1.5976354082457558,0.16210375
1.5986358124494744,0.0443025
1.599636216653193,0.05769
1.6006366208569118,0.09435125000000001
1.6016370250606304,0.11584749999999999
1.602637429264349,0.10150375
1.6036378334680679,0.0634675
1.6046382376717865,0.15459750000000003
1.605638641875505,0.14598
1.6066390460792237,0.1652525
1.6076394502829425,0.14662
1.6086398544866611,0.14358125000000002
1.6096402586903797,0.12037375
1.6106406628940986,0.09797
1.6116410670978172,0.11413250000000001
1.6126414713015358,0.10630374999999999
1.6136418755052546,0.163705
1.6146422797089732,0.24007125
1.6156426839126918,0.13510250000000001
1.6166430881164104,0.1428975
1.6176434923201293,0.13197875
1.6186438965238479,0.12034125
1.6196443007275665,0.0902375
1.6206447049312853,0.15987875
1.621645109135004,0.09171875
1.6226455133387225,0.07011875
1.6236459175424414,0.07692875
1.62464632174616,0.09334375
1.6256467259498786,0.19040625000000003
1.6266471301535972,0.13002375
1.627647534357316,0.15533125
1.6286479385610346,0.1563875
1.6296483427647532,0.12929625
1.630648746968472,0.0726
1.6316491511721907,0.09589750000000001
1.6326495553759093,0.20627125
1.633649959579628,0.13183499999999998
1.6346503637833467,0.189555
1.6356507679870653,0.09579625
1.636651172190784,0.10371000000000001
1.6376515763945028,0.1362675
1.6386519805982214,0.20786875000000002
1.63965238480194,0.15530125000000003
1.6406527890056588,0.09294125000000002
1.6416531932093774,0.1217575
1.642653597413096,0.07600749999999999
1.6436540016168149,0.19035125
1.6446544058205335,0.10058125000000001
1.645654810024252,0.08199750000000001
1.6466552142279707,0.14004375
1.6476556184316895,0.09308625
1.6486560226354081,0.08903875
1.6496564268391267,0.11070624999999999
1.6506568310428456,0.09378125000000001
1.6516572352465642,0.06399375000000002
1.6526576394502828,0.04767
1.6536580436540014,0.11161375
1.6546584478577202,0.09376749999999999
1.6556588520614388,0.11494375
1.6566592562651574,0.1283775
1.6576596604688763,0.10919374999999999
1.6586600646725949,0.17854375
1.6596604688763135,0.11439624999999999
1.6606608730800323,0.21552
1.661661277283751,0.08943250000000003
1.6626616814874695,0.06211875
1.6636620856911881,0.09705625
1.664662489894907,0.16197000000000003
1.6656628940986256,0.09937750000000001
1.6666632983023442,0.20451750000000002
1.667663702506063,0.13668125
1.6686641067097816,0.16282125
1.6696645109135002,0.0993675
1.670664915117219,0.11830125000000001
1.6716653193209376,0.1232525
1.6726657235246563,0.09739249999999998
1.6736661277283749,0.11096500000000001
1.6746665319320937,0.08280249999999999
1.6756669361358123,0.13239625
1.676667340339531,0.09304375000000001
1.6776677445432497,0.15218875
1.6786681487469683,0.16396999999999998
1.679668552950687,0.06008625
1.6806689571544058,0.09231625000000002
1.6816693613581244,0.10094249999999999
1.682669765561843,0.10171250000000001
1.6836701697655616,0.1564
1.6846705739692804,0.07546375
1.685670978172999,0.13187000000000001
1.6866713823767177,0.16481
1.6876717865804365,0.0894125
1.688672190784155,0.09039124999999998
1.6896725949878737,0.05143624999999999
1.6906729991915925,0.16427999999999998
1.6916734033953111,0.10827624999999999
1.6926738075990297,0.12174125
1.6936742118027484,0.050307500000000005
1.6946746160064672,0.1342525
1.6956750202101858,0.11704625
1.6966754244139044,0.14540375
1.6976758286176232,0.20943624999999996
1.6986762328213418,0.15564125
1.6996766370250604,0.08183625
1.7006770412287793,0.14233874999999999
1.7016774454324979,0.1351175
1.7026778496362165,0.16130625
1.703678253839935,0.0662075
1.704678658043654,0.13361625
1.7056790622473725,0.09497
1.7066794664510911,0.13922375
1.70767987065481,0.18405000000000002
1.7086802748585286,0.1059
1.7096806790622472,0.1248725
1.710681083265966,0.12783
1.7116814874696846,0.082955
1.7126818916734032,0.07599125
1.7136822958771218,0.19494250000000002
1.7146827000808407,0.0837425
1.7156831042845593,0.036135
1.7166835084882779,0.09171625
1.7176839126919967,0.1327625
1.7186843168957153,0.10563874999999999
1.719684721099434,0.101555
1.7206851253031528,0.07999375
1.7216855295068714,0.11569999999999998
1.72268593371059,0.32245874999999996
1.7236863379143086,0.18756625
1.7246867421180274,0.14449625000000002
1.725687146321746,0.09408375
1.7266875505254646,0.06944875
1.7276879547291835,0.11993875000000001
1.728688358932902,0.09328625
1.7296887631366207,0.10347750000000001
1.7306891673403395,0.08236625000000002
1.7316895715440581,0.07902374999999999
1.7326899757477767,0.15016625
1.7336903799514953,0.10758125
1.7346907841552142,0.14596125
1.7356911883589328,0.11919250000000002
1.7366915925626514,0.0874325
1.7376919967663702,0.13763
1.7386924009700888,0.16175
1.7396928051738074,0.15390125
1.740693209377526,0.1378225
1.7416936135812449,0.10340875000000001
1.7426940177849635,0.09259375
1.743694421988682,0.0861975
1.744694826192401,0.1344825
1.7456952303961195,0.09464625
1.7466956345998381,0.08597625
1.747696038803557,0.14934375
1.7486964430072756,0.05886
1.7496968472109942,0.09899875
1.7506972514147128,0.07616625
1.7516976556184316,0.0769525
1.7526980598221502,0.1311775
1.7536984640258688,0.1007025
1.7546988682295876,0.08724375000000001
1.7556992724333063,0.10869250000000001
1.7566996766370249,0.05905250000000001
1.7577000808407437,0.13840375
1.7587004850444623,0.15372
1.759700889248181,0.09609625000000001
1.7607012934518995,0.09528874999999999
1.7617016976556183,0.07929874999999999
1.762702101859337,0.09577625000000001
1.7637025060630556,0.10299
1.7647029102667744,0.08993499999999999
1.765703314470493,0.08395375000000001
1.7667037186742116,0.11339125
1.7677041228779304,0.08092125
1.768704527081649,0.16548625
1.7697049312853677,0.08009499999999999
1.7707053354890863,0.07376375
1.771705739692805,0.10203749999999999
1.7727061438965237,0.05226125000000001
1.7737065481002423,0.06084874999999999
1.7747069523039611,0.08207249999999998
1.7757073565076797,0.128925
1.7767077607113984,0.15926625
1.7777081649151172,0.06008625
1.7787085691188358,0.16069250000000002
1.7797089733225544,0.11874625
1.780709377526273,0.3136475
1.7817097817299918,0.14284
1.7827101859337104,0.09120125000000001
1.783710590137429,0.148225
1.7847109943411479,0.09231249999999999
1.7857113985448665,0.19285375000000002
1.786711802748585,0.11851
1.787712206952304,0.0743175
1.7887126111560225,0.10248499999999999
1.7897130153597411,0.10377125
1.7907134195634598,0.1169625
1.7917138237671786,0.083065
1.7927142279708972,0.17461624999999997
1.7937146321746158,0.08391124999999999
1.7947150363783346,0.12191125
1.7957154405820532,0.21410375
1.7967158447857718,0.14539124999999997
1.7977162489894907,0.19199125000000003
1.7987166531932093,0.10415875
1.7997170573969279,0.11860625000000002
1.8007174616006465,0.09461625
1.8017178658043653,0.10564875000000001
1.802718270008084,0.10945
1.8037186742118025,0.10472875
1.8047190784155214,0.08307625
1.80571948261924,0.06954875
1.8067198868229586,0.08658750000000001
1.8077202910266774,0.0757075
1.808720695230396,0.12456375000000001
1.8097210994341146,0.10584500000000002
1.8107215036378332,0.19857375000000002
1.811721907841552,0.168795
1.8127223120452707,0.17569999999999997
1.8137227162489893,0.0972475
1.8147231204527081,0.12897999999999998
1.8157235246564267,0.12593625
1.8167239288601453,0.12223250000000001
1.8177243330638642,0.11947125
1.8187247372675828,0.07001125
1.8197251414713014,0.10458000000000002
1.82072554567502,0.20941500000000002
1.8217259498787388,0.12213874999999998
1.8227263540824574,0.11366
1.823726758286176,0.1139125
1.8247271624898949,0.09042624999999999
1.8257275666936135,0.05266125
1.826727970897332,0.10257874999999998
1.8277283751010507,0.09326000000000001
1.8287287793047695,0.11674375000000001
1.8297291835084881,0.11269625000000001
1.8307295877122067,0.111905
1.8317299919159256,0.13087875000000002
1.8327303961196442,0.09804625000000002
1.8337308003233628,0.0834125
1.8347312045270816,0.1003425
1.8357316087308002,0.164515
1.8367320129345188,0.11404875
1.8377324171382374,0.10576125000000001
1.8387328213419563,0.13322625
1.8397332255456749,0.12609875
1.8407336297493935,0.12044375
1.8417340339531123,0.10618125
1.842734438156831,0.12908875000000003
1.8437348423605495,0.09055499999999998
1.8447352465642683,0.11285375
1.845735650767987,0.11159749999999999
1.8467360549717056,0.12351749999999999
1.8477364591754242,0.10438
1.848736863379143,0.16964125
1.8497372675828616,0.051763750000000004
1.8507376717865802,0.16647375
1.851738075990299,0.10721374999999998
1.8527384801940177,0.18206875
1.8537388843977363,0.17571124999999999
1.854739288601455,0.0948275
1.8557396928051737,0.159385
1.8567400970088923,0.10061875
1.857740501212611,0.12433750000000002
1.8587409054163297,0.1565925
1.8597413096200484,0.145
1.860741713823767,0.09740125
1.8617421180274858,0.17072000000000004
1.8627425222312044,0.16686875
1.863742926434923,0.06684125
1.8647433306386418,0.12013625000000001
1.8657437348423604,0.1086175
1.866744139046079,0.07646875
1.8677445432497977,0.15982875
1.8687449474535165,0.11664374999999999
1.869745351657235,0.06856
1.8707457558609537,0.1777425
1.8717461600646725,0.105735
1.8727465642683911,0.12814625
1.8737469684721098,0.20728250000000004
1.8747473726758286,0.09866125000000002
1.8757477768795472,0.1178725
1.8767481810832658,0.09847875
1.8777485852869844,0.1064125
1.8787489894907032,0.15764125
1.8797493936944218,0.14372875000000002
1.8807497978981405,0.08631
1.8817502021018593,0.11126125
1.882750606305578,0.16019750000000002
1.8837510105092965,0.09902000000000001
1.8847514147130153,0.114375
1.885751818916734,0.08929999999999999
1.8867522231204525,0.13394375
1.8877526273241712,0.11120625
1.88875303152789,0.12524375
1.8897534357316086,0.11225999999999998
1.8907538399353272,0.06753875
1.891754244139046,0.132025
1.8927546483427646,0.08962375
1.8937550525464832,0.153055
1.894755456750202,0.06753999999999999
1.8957558609539207,0.079795
1.8967562651576393,0.086095
1.897756669361358,0.15360500000000002
1.8987570735650767,0.09892000000000001
1.8997574777687953,0.08911
1.900757881972514,0.166215
1.9017582861762328,0.09424624999999999
1.9027586903799514,0.09970625
1.90375909458367,0.20059249999999998
1.9047594987873886,0.1012875
1.9057599029911074,0.09392375000000001
1.906760307194826,0.149695
1.9077607113985446,0.1298675
1.9087611156022635,0.0943525
1.909761519805982,0.05650625
1.9107619240097007,0.09343
1.9117623282134195,0.08519625
1.9127627324171381,0.09479624999999998
1.9137631366208567,0.11813499999999999
1.9147635408245753,0.07253625000000001
1.9157639450282942,0.14288875
1.9167643492320128,0.15549875
1.9177647534357314,0.1627825
1.9187651576394502,0.08282250000000001
1.9197655618431688,0.13862375
1.9207659660468874,0.12404
1.9217663702506063,0.16235500000000003
1.9227667744543249,0.1506325
1.9237671786580435,0.12072624999999998
1.924767582861762,0.15739625000000002
1.925767987065481,0.10286625
1.9267683912691995,0.11853
1.9277687954729181,0.08015499999999999
1.928769199676637,0.12649125
1.9297696038803556,0.1564725
1.9307700080840742,0.12255625
1.931770412287793,0.1946875
1.9327708164915116,0.10014125
1.9337712206952302,0.10658750000000002
1.9347716248989488,0.08020624999999999
1.9357720291026677,0.07586499999999999
1.9367724333063863,0.147085
1.9377728375101049,0.17457875
1.9387732417138237,0.12088000000000002
1.9397736459175423,0.1183925
1.940774050121261,0.1084
1.9417744543249797,0.12193875
1.9427748585286984,0.1002825
1.943775262732417,0.13372375
1.9447756669361356,0.06221
1.9457760711398544,0.12316
1.946776475343573,0.10013999999999999
1.9477768795472916,0.12765
1.9487772837510104,0.10150124999999999
1.949777687954729,0.0591375
1.9507780921584477,0.11540125
1.9517784963621665,0.17317124999999997
1.952778900565885,0.0987225
1.9537793047696037,0.13620000000000002
1.9547797089733223,0.11058625
1.9557801131770411,0.16868
1.9567805173807598,0.13934875000000002
1.9577809215844784,0.09488375000000002
1.9587813257881972,0.12908250000000002
1.9597817299919158,0.09609999999999999
1.9607821341956344,0.09751125
1.9617825383993532,0.14140875
1.9627829426030718,0.06826375
1.9637833468067905,0.09816875
1.964783751010509,0.0972925
1.965784155214228,0.1714125
1.9667845594179465,0.10030999999999998
1.967784963621665,0.07846125
1.968785367825384,0.14512125
1.9697857720291025,0.1321275
1.9707861762328212,0.11120749999999999
1.97178658043654,0.17531125
1.9727869846402586,0.09352
1.9737873888439772,0.15776625
1.9747877930476958,0.11486375
1.9757881972514146,0.12187125000000001
1.9767886014551332,0.08330125000000001
1.9777890056588519,0.07766375
1.9787894098625707,0.10962374999999999
1.9797898140662893,0.11868625
1.980790218270008,0.08882125
1.9817906224737267,0.08643875000000001
1.9827910266774453,0.143875
1.983791430881164,0.08337375000000001
1.9847918350848825,0.10676625
1.9857922392886014,0.1302925
1.98679264349232,0.07703750000000001
1.9877930476960386,0.074565
1.9887934518997574,0.133775
1.989793856103476,0.08359
1.9907942603071946,0.0901225
1.9917946645109132,0.11705624999999997
1.992795068714632,0.08331125
1.9937954729183507,0.04616125
1.9947958771220693,0.17193750000000002
1.9957962813257881,0.12219374999999999
1.9967966855295067,0.10840875
1.9977970897332253,0.1261625
1.9987974939369442,0.0833075
1.9997978981406628,0.1589
2.0007983023443816,0.11486875000000002
2.0017987065481,0.12066375000000001
2.002799110751819,0.05870875
2.0037995149555377,0.0880325
2.004799919159256,0.148665
2.005800323362975,0.10508375
2.0068007275666937,0.160025
2.007801131770412,0.15889375
2.008801535974131,0.1066825
2.0098019401778497,0.10066125
2.010802344381568,0.11052375000000002
2.011802748585287,0.134715
2.012803152789006,0.210735
2.013803556992724,0.07624625
2.014803961196443,0.1119575
2.015804365400162,0.0990175
2.01680476960388,0.10919875
2.017805173807599,0.11863749999999999
2.018805578011318,0.12815125000000002
2.0198059822150363,0.10847250000000001
2.020806386418755,0.1052025
2.0218067906224735,0.0831825
2.0228071948261923,0.08167499999999998
2.023807599029911,0.19151375
2.0248080032336295,0.09637875000000001
2.0258084074373484,0.06367375
2.0268088116410667,0.12345500000000001
2.0278092158447856,0.1314025
2.0288096200485044,0.14756875
2.029810024252223,0.1211175
2.0308104284559416,0.1014875
2.0318108326596604,0.11566625
2.032811236863379,0.09546375000000001
2.0338116410670977,0.07165125
2.0348120452708165,0.09791
2.035812449474535,0.1153325
2.0368128536782537,0.15854500000000002
2.0378132578819725,0.11398125
2.038813662085691,0.0939325
2.0398140662894098,0.19510125000000003
2.0408144704931286,0.08773624999999999
2.041814874696847,0.12876625
2.042815278900566,0.16135125000000003
2.0438156831042846,0.15076874999999998
2.044816087308003,0.0878575
2.045816491511722,0.17826
2.0468168957154402,0.11380375000000001
2.047817299919159,0.148025
2.048817704122878,0.08157500000000001
2.0498181083265963,0.10370375
2.050818512530315,0.10063875
2.051818916734034,0.11975499999999999
2.0528193209377523,0.06237875000000001
2.053819725141471,0.07840125
2.05482012934519,0.1452725
2.0558205335489084,0.1227825
2.056820937752627,0.11510125
2.057821341956346,0.16182125
2.0588217461600644,0.15229375
2.0598221503637832,0.07203499999999999
2.060822554567502,0.16495125000000002
2.0618229587712205,0.09527250000000001
2.0628233629749393,0.11861625
2.063823767178658,0.1556675
2.0648241713823765,0.10188500000000002
2.0658245755860953,0.20218875
2.0668249797898137,0.11611374999999999
2.0678253839935326,0.12543749999999998
2.0688257881972514,0.08372500000000001
2.0698261924009698,0.1387175
2.0708265966046886,0.1613475
2.0718270008084074,0.11821625
2.072827405012126,0.19122999999999998
2.0738278092158446,0.15312625000000002
2.0748282134195635,0.14401125
2.075828617623282,0.10367375000000001
2.0768290218270007,0.10436
2.0778294260307195,0.14496374999999997
2.078829830234438,0.09868125000000001
2.0798302344381567,0.08062000000000001
2.0808306386418756,0.1318025
2.081831042845594,0.14902249999999997
2.082831447049313,0.10772875000000001
2.083831851253031,0.05843
2.08483225545675,0.1528825
2.085832659660469,0.068385
2.086833063864187,0.06888
2.087833468067906,0.14587125
2.088833872271625,0.11384
2.0898342764753433,0.11196125
2.090834680679062,0.076395
2.091835084882781,0.1150525
2.0928354890864993,0.20758125
2.093835893290218,0.12502375000000002
2.094836297493937,0.12892625000000002
2.0958367016976553,0.09945500000000002
2.096837105901374,0.07083625
2.097837510105093,0.056688749999999996
2.0988379143088114,0.1865825
2.09983831851253,0.088245
2.100838722716249,0.0552425
2.1018391269199674,0.120415
2.1028395311236863,0.11414875000000001
2.1038399353274047,0.07257875
2.1048403395311235,0.059135
2.1058407437348423,0.153505
2.1068411479385607,0.17008875
2.1078415521422795,0.17996375
2.1088419563459984,0.07357125
2.1098423605497167,0.15075375000000002
2.1108427647534356,0.1375525
2.1118431689571544,0.12091375000000001
2.112843573160873,0.16603625
2.1138439773645916,0.14225625
2.1148443815683104,0.100625
2.115844785772029,0.07825375
2.1168451899757477,0.17557375
2.1178455941794665,0.2511425
2.118845998383185,0.11776875
2.1198464025869037,0.07612374999999999
2.1208468067906225,0.0810875
2.121847210994341,0.07798500000000001
2.1228476151980598,0.10042750000000002
2.123848019401778,0.2102375
2.124848423605497,0.11799625000000001
2.125848827809216,0.05711125
2.126849232012934,0.10405375
2.127849636216653,0.17816500000000002
2.128850040420372,0.1372325
2.1298504446240902,0.10042999999999999
2.130850848827809,0.09501625000000001
2.131851253031528,0.11036874999999999
2.1328516572352463,0.09012375
2.133852061438965,0.10981375
2.134852465642684,0.1598925
2.1358528698464023,0.14997125
2.136853274050121,0.08849874999999999
2.13785367825384,0.116105
2.1388540824575584,0.06411375
2.139854486661277,0.14248750000000002
2.140854890864996,0.17111249999999997
2.1418552950687144,0.14295125
2.1428556992724332,0.1307925
2.1438561034761516,0.19467375
2.1448565076798705,0.10669000000000001
2.1458569118835893,0.11883125000000001
2.1468573160873077,0.10985875
2.1478577202910265,0.10507249999999999
2.1488581244947453,0.06077625
2.1498585286984637,0.14001125000000003
2.1508589329021826,0.0911275
2.1518593371059014,0.13060875
2.1528597413096198,0.11553125
2.1538601455133386,0.12517999999999999
2.1548605497170574,0.11657499999999998
2.155860953920776,0.11813625000000001
2.1568613581244946,0.0672025
2.1578617623282135,0.14772125
2.158862166531932,0.13742374999999998
2.1598625707356507,0.12628250000000002
2.160862974939369,0.128085
2.161863379143088,0.12046125
2.1628637833468067,0.0890175
2.163864187550525,0.06967124999999999
2.164864591754244,0.12836
2.165864995957963,0.13704999999999998
2.166865400161681,0.13998625
2.1678658043654,0.09689500000000001
2.168866208569119,0.13230625
2.169866612772837,0.10380125
2.170867016976556,0.09267624999999999
2.171867421180275,0.15087875
2.1728678253839933,0.13180125
2.173868229587712,0.0975325
2.174868633791431,0.17488124999999996
2.1758690379951493,0.07823375
2.176869442198868,0.0549275
2.177869846402587,0.08935625
2.1788702506063053,0.15333875
2.179870654810024,0.189865
2.1808710590137426,0.11885250000000001
2.1818714632174614,0.0941125
2.1828718674211802,0.09784124999999999
2.1838722716248986,0.09400874999999999
2.1848726758286174,0.095955
2.1858730800323363,0.09816625
2.1868734842360547,0.11332750000000001
2.1878738884397735,0.061197499999999995
2.1888742926434923,0.10630749999999999
2.1898746968472107,0.11803374999999999
2.1908751010509295,0.15346999999999997
2.1918755052546484,0.14431000000000002
2.1928759094583667,0.109015
2.1938763136620856,0.11813625
2.1948767178658044,0.06684375
2.195877122069523,0.077275
2.1968775262732416,0.14481249999999998
2.1978779304769605,0.121525
2.198878334680679,0.11549500000000001
2.1998787388843977,0.14592625
2.200879143088116,0.11694750000000001
2.201879547291835,0.11462249999999999
2.2028799514955537,0.10104874999999999
2.203880355699272,0.09309750000000001
2.204880759902991,0.12149000000000001
2.2058811641067098,0.13083875
2.206881568310428,0.23548750000000002
2.207881972514147,0.06456250000000001
2.208882376717866,0.10861125
2.209882780921584,0.0556525
2.210883185125303,0.097825
2.211883589329022,0.0785575
2.2128839935327402,0.09369875
2.213884397736459,0.15284375
2.214884801940178,0.13312249999999998
2.2158852061438963,0.1444825
2.216885610347615,0.08932124999999999
2.217886014551334,0.11268
2.2188864187550523,0.12423875000000001
2.219886822958771,0.077505
2.2208872271624895,0.12148250000000001
2.2218876313662084,0.0878625
2.222888035569927,0.11975125
2.2238884397736456,0.07587000000000002
2.2248888439773644,0.18221375
2.2258892481810832,0.066545
2.2268896523848016,0.11432124999999999
2.2278900565885205,0.095325
2.2288904607922393,0.08483750000000001
2.2298908649959577,0.08927
2.2308912691996765,0.112085
2.2318916734033953,0.2158925
2.2328920776071137,0.12247125
2.2338924818108326,0.09395375
2.2348928860145514,0.1148575
2.2358932902182698,0.09475750000000001
2.2368936944219886,0.145145
2.2378940986257074,0.11834
2.238894502829426,0.10041
2.2398949070331446,0.10794250000000001
2.240895311236863,0.15030249999999998
2.241895715440582,0.16281749999999998
2.2428961196443007,0.12487625000000001
2.243896523848019,0.10379125000000002
2.244896928051738,0.056823750000000006
2.2458973322554567,0.121835
2.246897736459175,0.12071874999999999
2.247898140662894,0.13149625
2.248898544866613,0.14830749999999998
2.249898949070331,0.17820625
2.25089935327405,0.13278125
2.251899757477769,0.088795
2.252900161681487,0.14245625
2.253900565885206,0.23725625
2.254900970088925,0.08620375
2.2559013742926433,0.10955124999999999
2.256901778496362,0.13746125
2.2579021827000805,0.109085
2.2589025869037993,0.13892875
2.259902991107518,0.11298874999999999
2.2609033953112365,0.0915225
2.2619037995149553,0.11086875000000002
2.262904203718674,0.14308375
2.2639046079223926,0.09785250000000001
2.2649050121261114,0.143215
2.2659054163298302,0.14928625
2.2669058205335486,0.08451499999999999
2.2679062247372674,0.23532250000000002
2.2689066289409863,0.13846624999999999
2.2699070331447047,0.09080875
2.2709074373484235,0.1284325
2.2719078415521423,0.07730125
2.2729082457558607,0.10118375
2.2739086499595795,0.13436125000000002
2.2749090541632984,0.0935775
2.2759094583670167,0.1156625
2.2769098625707356,0.08372125000000001
2.277910266774454,0.1013
2.278910670978173,0.132205
2.2799110751818916,0.12495374999999999
2.28091147938561,0.14445125
2.281911883589329,0.105655
2.2829122877930477,0.09972000000000002
2.283912691996766,0.11777375
2.284913096200485,0.12156000000000003
2.2859135004042037,0.16110375000000002
2.286913904607922,0.16123125000000002
2.287914308811641,0.07089375
2.2889147130153598,0.09274250000000002
2.289915117219078,0.09000750000000002
2.290915521422797,0.10859375
2.291915925626516,0.0651725
2.292916329830234,0.14303625
2.293916734033953,0.11451750000000001
2.294917138237672,0.12449375
2.2959175424413902,0.12993625
2.296917946645109,0.12553375
2.2979183508488275,0.09808875
2.2989187550525463,0.16206375
2.299919159256265,0.1321525
2.3009195634599835,0.20054875
2.3019199676637023,0.06567375
2.302920371867421,0.081485
2.3039207760711395,0.16129
2.3049211802748584,0.13018125000000003
2.305921584478577,0.1074275
2.3069219886822956,0.14344625000000003
2.3079223928860144,0.08564
2.3089227970897332,0.1650525
2.3099232012934516,0.13484375
2.3109236054971705,0.11688625
2.3119240097008893,0.1416
2.3129244139046077,0.084035
2.3139248181083265,0.12351000000000001
2.3149252223120453,0.17737375
2.3159256265157637,0.09767750000000001
2.3169260307194826,0.16076124999999997
2.317926434923201,0.1179875
2.3189268391269198,0.09587249999999999
2.3199272433306386,0.0721875
2.320927647534357,0.11067500000000001
2.321928051738076,0.0887325
2.3229284559417946,0.14941749999999998
2.323928860145513,0.08854374999999999
2.324929264349232,0.17783125000000002
2.3259296685529507,0.11412625
2.326930072756669,0.12035
2.327930476960388,0.09270125
2.3289308811641067,0.14043875
2.329931285367825,0.09668249999999999
2.330931689571544,0.1629725
2.331932093775263,0.08345124999999999
2.332932497978981,0.1263975
2.3339329021827,0.14434125
2.3349333063864184,0.1067175
2.335933710590137,0.09177499999999998
2.336934114793856,0.12296
2.3379345189975744,0.11776500000000001
2.3389349232012933,0.16977
2.339935327405012,0.23470875
2.3409357316087305,0.08544750000000001
2.3419361358124493,0.10467
2.342936540016168,0.11120875000000002
2.3439369442198865,0.0715125
2.3449373484236053,0.13433250000000002
2.345937752627324,0.07279
2.3469381568310426,0.13426125
2.3479385610347614,0.1331625
2.3489389652384802,0.12620625
2.3499393694421986,0.12073125
2.3509397736459174,0.04619249999999999
2.3519401778496363,0.075835
2.3529405820533547,0.162625
2.3539409862570735,0.0783475
2.354941390460792,0.09016875
2.3559417946645107,0.1175675
2.3569421988682295,0.14692375000000002
2.357942603071948,0.16720875
2.3589430072756667,0.15572624999999998
2.3599434114793856,0.07422625
2.360943815683104,0.0785975
2.361944219886823,0.07330249999999999
2.3629446240905416,0.1342675
2.36394502829426,0.10175374999999999
2.364945432497979,0.06267125
2.3659458367016977,0.13317125
2.366946240905416,0.15096
2.367946645109135,0.13508125
2.3689470493128537,0.08716625
2.369947453516572,0.14381
2.370947857720291,0.17243625
2.3719482619240098,0.09866875
2.372948666127728,0.18632875
2.373949070331447,0.11149999999999999
2.3749494745351654,0.09635124999999999
2.375949878738884,0.13795125
2.376950282942603,0.14715
2.3779506871463214,0.10746874999999999
2.3789510913500402,0.15082125000000002
2.379951495553759,0.12114875
2.3809518997574775,0.1249475
2.3819523039611963,0.11729375000000002
2.382952708164915,0.13221625
2.3839531123686335,0.14055375
2.3849535165723523,0.19507249999999998
2.385953920776071,0.085885
2.3869543249797895,0.11750375000000002
2.3879547291835084,0.09833375
2.388955133387227,0.11519
2.3899555375909456,0.0739325
2.3909559417946644,0.09749749999999999
2.3919563459983832,0.12816125
2.3929567502021016,0.12481874999999999
2.3939571544058205,0.1402175
2.394957558609539,0.095945
2.3959579628132577,0.1022325
2.3969583670169765,0.1086575
2.397958771220695,0.130315
2.3989591754244137,0.06801
2.3999595796281326,0.12182375000000001
2.400959983831851,0.16654125
2.4019603880355698,0.09523875
2.4029607922392886,0.10906749999999998
2.403961196443007,0.12357000000000003
2.404961600646726,0.0797625
2.4059620048504446,0.10711625000000001
2.406962409054163,0.040287500000000004
2.407962813257882,0.15415375
2.4089632174616007,0.10260625
2.409963621665319,0.1996725
2.410964025869038,0.09990749999999998
2.4119644300727567,0.11467875
2.412964834276475,0.14868375
2.413965238480194,0.12870875
2.4149656426839123,0.06992125
2.415966046887631,0.09698499999999999
2.41696645109135,0.15972375
2.4179668552950684,0.13058500000000003
2.418967259498787,0.10250625
2.419967663702506,0.08690625
2.4209680679062244,0.11256375
2.4219684721099433,0.1309325
2.422968876313662,0.071725
2.4239692805173805,0.08121
2.4249696847210993,0.13681125
2.425970088924818,0.09355000000000001
2.4269704931285365,0.08454874999999999
2.4279708973322554,0.07661000000000001
2.428971301535974,0.11936375000000002
2.4299717057396926,0.07184125000000001
2.4309721099434114,0.09850500000000001
2.43197251414713,0.11164375
2.4329729183508486,0.0742525
2.4339733225545674,0.136435
2.434973726758286,0.14742375
2.4359741309620047,0.1112875
2.4369745351657235,0.1284325
2.437974939369442,0.15613375
2.4389753435731607,0.06647249999999999
2.4399757477768795,0.05907375
2.440976151980598,0.15073125
2.4419765561843167,0.09268875
2.4429769603880356,0.16987375
2.443977364591754,0.12804125
2.444977768795473,0.11080625000000001
2.4459781729991916,0.11499124999999999
2.44697857720291,0.11027125000000002
2.447978981406629,0.19447000000000003
2.4489793856103477,0.18688375000000002
2.449979789814066,0.1210875
2.450980194017785,0.12172125000000002
2.4519805982215033,0.06257625
2.452981002425222,0.12054999999999999
2.453981406628941,0.18750374999999997
2.4549818108326593,0.17134
2.455982215036378,0.09991499999999999
2.456982619240097,0.09529375000000001
2.4579830234438154,0.10452624999999999
2.458983427647534,0.15636250000000002
2.459983831851253,0.08927625
2.4609842360549714,0.12165125
2.4619846402586902,0.11922
2.462985044462409,0.10552125
2.4639854486661275,0.14403375
2.4649858528698463,0.13141
2.465986257073565,0.09319624999999998
2.4669866612772835,0.10378
2.4679870654810023,0.13888375
2.468987469684721,0.15170375
2.4699878738884395,0.092485
2.4709882780921584,0.10115374999999999
2.4719886822958768,0.09721125000000001
2.4729890864995956,0.09049999999999998
2.4739894907033144,0.08014125
2.474989894907033,0.0493375
2.4759902991107516,0.14647125
2.4769907033144705,0.12444625000000001
2.477991107518189,0.06839
2.4789915117219077,0.12413875
2.4799919159256265,0.061705
2.480992320129345,0.11096875
2.4819927243330637,0.1157225
2.4829931285367826,0.13759375
2.483993532740501,0.16045874999999998
2.4849939369442198,0.09272999999999999
2.4859943411479386,0.1113425
2.486994745351657,0.132795
2.487995149555376,0.11279
2.4889955537590946,0.12748
2.489995957962813,0.14089375
2.490996362166532,0.18704124999999996
2.4919967663702502,0.1146025
2.492997170573969,0.0913575
2.493997574777688,0.1525525
2.4949979789814063,0.18338375000000004
2.495998383185125,0.11671
2.496998787388844,0.15073
2.4979991915925623,0.11837500000000001
2.498999595796281,0.15430750000000001
2.5,0.08431374999999999
